taxa,level,target_seqs,candidates_found,candidates_considered,spec_metric,spec_floor_used,probes_selected,pooled_coverage_pct,goal_reached,conservation_min_pct,conservation_max_pct,spec_min,spec_mean,exact_offtarget_total,probes_blast_capped,top_offtargets
Staphylococcaceae,family,6637,3203,72,blast_weighted_specificity,0.995,12,90.7,True,2.56,46.41,0.995569,0.9975,133,0,Bacillaceae (6); Planococcaceae (2); Lactobacillaceae (1)
Streptococcaceae,family,7739,5731,120,blast_weighted_specificity,0.999,15,74.93,True,2.02,31.1,0.999039,0.9996,14,0,Lactobacillaceae (4); Staphylococcaceae (2); Lachnospiraceae (1)
Enterococcaceae,family,2134,2795,50,blast_weighted_specificity,0.995,7,58.58,True,2.67,41.94,0.997561,0.9996,3,0,Bacillaceae (2); Carnobacteriaceae (1); Mycoplasmataceae (1)
Lactobacillaceae,family,6372,11117,120,blast_weighted_specificity,0.999,15,59.1,True,3.42,18.68,0.999104,0.9997,0,0,Streptococcaceae (4); Bacillaceae (3); Staphylococcaceae (2)
Clostridiaceae,family,3662,7316,120,blast_weighted_specificity,0.995,15,70.73,True,2.13,30.37,0.995349,0.998,32,0,Lachnospiraceae (4); Moraxellaceae (2); Caloramatoraceae (1)
Lachnospiraceae,family,23099,5366,113,blast_weighted_specificity,0.98,15,79.22,True,2.19,48.12,0.981459,0.9902,1256,1,Ruminococcaceae (5); Oscillospiraceae (3); Corynebacteriaceae (2)
Ruminococcaceae,family,5904,6504,91,blast_weighted_specificity,0.99,13,53.79,True,2.02,27.3,0.990431,0.9942,125,0,Oscillospiraceae (4); [Eubacterium] coprostanoligenes group (3); Lachnospiraceae (3)
Enterobacteriaceae,family,20869,3026,57,blast_weighted_specificity,0.995,9,73.54,True,2.42,33.66,0.997437,0.9987,93,0,Erwiniaceae (3); Vibrionaceae (2); Pasteurellaceae (2)
Pseudomonadaceae,family,9419,3778,90,blast_weighted_specificity,0.995,15,87.13,True,2.83,28.69,0.995728,0.9983,79,0,Enterobacteriaceae (2); Vibrionaceae (1); Pectobacteriaceae (1)
Moraxellaceae,family,4720,5869,120,blast_weighted_specificity,0.999,15,57.71,True,2.12,18.52,0.999062,0.9996,7,0,Pseudomonadaceae (5); Streptomycetaceae (1); Legionellaceae (1)
Neisseriaceae,family,1795,4502,107,blast_weighted_specificity,0.999,13,74.04,True,2.28,33.76,0.999144,0.9997,3,0,Oxalobacteraceae (3); Hydrogenophilaceae (2); Burkholderiaceae (2)
Bacteroidaceae,family,3747,6778,120,blast_weighted_specificity,0.995,15,75.31,True,2.08,18.52,0.995553,0.9978,27,0,Prevotellaceae (5); Lachnospiraceae (3); Ruminococcaceae (2)
Prevotellaceae,family,5132,5841,120,blast_weighted_specificity,0.995,15,56.72,True,2.26,19.72,0.995465,0.9981,24,0,Bacteroidaceae (3); Ruminococcaceae (2); Rikenellaceae (2)
Porphyromonadaceae,family,717,7022,120,blast_weighted_specificity,1.0,15,80.33,True,3.21,48.54,1.0,1.0,0,0,Bacteroidaceae (3); Sphingobacteriaceae (2); Paludibacteraceae (2)
Tannerellaceae,family,676,5831,120,blast_weighted_specificity,0.99,15,57.99,True,2.07,18.2,0.990208,0.9969,5,0,Prolixibacteraceae (2); Prevotellaceae (2); Dysgonomonadaceae (2)
Rikenellaceae,family,2864,6981,120,blast_weighted_specificity,0.99,15,51.08,True,2.13,12.43,0.991779,0.9939,43,0,Prevotellaceae (6); SB-5 (1); Williamwhitmaniaceae (1)
Propionibacteriaceae,family,2495,4566,117,blast_weighted_specificity,0.995,15,75.03,True,2.04,46.41,0.995421,0.999,16,0,Nocardioidaceae (5); Corynebacteriaceae (3); Pseudonocardiaceae (3)
Corynebacteriaceae,family,3781,6671,120,blast_weighted_specificity,0.995,15,79.58,True,2.22,46.23,0.996113,0.9984,21,0,Mycobacteriaceae (3); Streptomycetaceae (2); Nocardiaceae (2)
Actinomycetaceae,family,967,6253,120,blast_weighted_specificity,0.995,15,73.73,True,2.69,32.99,0.995383,0.9983,2,0,Microbacteriaceae (3); Micrococcaceae (3); Lachnospiraceae (2)
Bifidobacteriaceae,family,773,4716,120,blast_weighted_specificity,1.0,15,84.99,True,2.07,67.14,1.0,1.0,0,0,Micrococcaceae (3); Cytophagaceae (2); Eubacteriaceae (1)
Micrococcaceae,family,3153,4917,96,blast_weighted_specificity,0.995,12,67.36,True,2.03,33.3,0.995441,0.9977,32,0,Streptomycetaceae (2); Mycobacteriaceae (2); Propionibacteriaceae (2)
Fusobacteriaceae,family,1348,5620,120,blast_weighted_specificity,1.0,13,66.32,True,2.0,46.66,1.0,1.0,0,0,Anaerolineaceae (2); Oscillospiraceae (2); Lachnospiraceae (2)
Leptotrichiaceae,family,490,8145,120,blast_weighted_specificity,1.0,15,83.06,True,4.29,55.92,1.0,1.0,0,0,Fusobacteriaceae (2); Spirochaetaceae (2); Bryobacteraceae (1)
Campylobacteraceae,family,1035,5750,120,blast_weighted_specificity,1.0,15,91.01,True,2.32,68.31,1.0,1.0,0,0,Arcobacteraceae (4); Sulfurimonadaceae (3); Sulfurovaceae (2)
Helicobacteraceae,family,686,5151,120,blast_weighted_specificity,1.0,15,85.57,True,2.33,54.66,1.0,1.0,0,0,Sulfurimonadaceae (3); Sulfurovaceae (2); Chlamydiaceae (1)
