Taxa,Level
Staphylococcaceae,Family
Streptococcaceae,Family
Enterococcaceae,Family
Lactobacillaceae,Family
Clostridiaceae,Family
Lachnospiraceae,Family
Ruminococcaceae,Family
Enterobacteriaceae,Family
Pseudomonadaceae,Family
Moraxellaceae,Family
Neisseriaceae,Family
Bacteroidaceae,Family
Prevotellaceae,Family
Porphyromonadaceae,Family
Tannerellaceae,Family
Rikenellaceae,Family
Propionibacteriaceae,Family
Corynebacteriaceae,Family
Actinomycetaceae,Family
Bifidobacteriaceae,Family
Micrococcaceae,Family
Fusobacteriaceae,Family
Leptotrichiaceae,Family
Campylobacteraceae,Family
Helicobacteraceae,Family
