taxa,target_seqs,candidates_found,candidates_blasted,blast_spec_floor_used,probes_selected,pooled_coverage_pct,conservation_min_pct,conservation_max_pct,blast_weighted_spec_min,blast_weighted_spec_mean,exact_precision_min,exact_offtarget_total,blast_offtarget_hits_total,probes_blast_capped,top_offtarget_families
Staphylococcaceae,6637,3203,72,0.995,10,89.74,2.56,46.41,0.995401,0.9976,0.9748,101,46213,0,Bacillaceae (6); Lactobacillaceae (1); Streptococcaceae (1)
Streptococcaceae,7739,5731,120,0.999,10,80.05,2.38,31.21,0.999039,0.9996,0.9962,16,7136,0,Lactobacillaceae (3); Lachnospiraceae (2); Paenibacillaceae (1)
Enterococcaceae,2134,2795,51,0.995,9,58.62,2.11,41.94,0.997561,0.9997,0.9967,3,1495,0,Bacillaceae (2); Vagococcaceae (2); Carnobacteriaceae (1)
Lactobacillaceae,6372,11117,120,0.999,10,56.32,3.48,18.68,0.999143,0.9997,1.0,0,141560,0,Bacillaceae (3); Streptococcaceae (2); Staphylococcaceae (2)
Clostridiaceae,3662,7316,120,0.995,10,72.34,2.13,30.37,0.995382,0.9971,0.9753,30,43159,0,Moraxellaceae (2); Caloramatoraceae (1); Acetobacteraceae (1)
Lachnospiraceae,23099,5366,113,0.98,10,77.65,2.54,48.12,0.981459,0.9898,0.9185,971,103742,0,Ruminococcaceae (4); Corynebacteriaceae (2); Lactobacillaceae (1)
Ruminococcaceae,5904,6504,89,0.99,10,52.91,2.02,27.3,0.990171,0.9947,0.9154,97,24613,0,Oscillospiraceae (5); [Eubacterium] coprostanoligenes group (3); Gracilibacter (1)
Enterobacteriaceae,20869,3026,58,0.995,10,74.95,2.42,33.66,0.997437,0.9986,0.9852,107,29594,0,Erwiniaceae (5); Pasteurellaceae (2); Yersiniaceae (1)
Pseudomonadaceae,9419,3778,90,0.995,10,84.67,5.05,28.69,0.995728,0.998,0.9907,60,42524,0,Enterobacteriaceae (2); Vibrionaceae (1); Pectobacteriaceae (1)
Moraxellaceae,4720,5869,120,0.995,10,89.96,2.71,57.2,0.995976,0.998,0.9788,33,101217,0,Pseudomonadaceae (4); Alcaligenaceae (2); Halomonadaceae (1)
Neisseriaceae,1795,4502,108,0.999,10,74.15,2.01,33.76,0.999007,0.9997,0.9762,2,18614,0,Hydrogenophilaceae (2); Oxalobacteraceae (2); Halieaceae (1)
Bacteroidaceae,3747,6778,120,0.999,10,53.99,2.08,10.35,0.999417,0.9998,0.9873,3,22028,0,Prevotellaceae (4); Halomonadaceae (1); Desulfocapsaceae (1)
Prevotellaceae,5132,5841,120,0.995,10,53.62,2.26,19.72,0.99554,0.9979,0.9936,11,9312,0,Bacteroidaceae (3); Ruminococcaceae (2); Solirubrobacteraceae (1)
Porphyromonadaceae,717,7022,120,0.999,10,83.12,3.91,48.54,0.999495,0.9999,1.0,0,9293,0,Bacteroidaceae (2); Microscillaceae (2); Sphingobacteriaceae (1)
Tannerellaceae,676,5831,119,0.99,10,56.51,2.51,18.2,0.990265,0.997,0.9412,4,9034,0,Dysgonomonadaceae (2); Muribaculaceae (2); Bacteroidaceae (1)
Rikenellaceae,2864,6981,120,0.99,10,52.72,2.27,12.43,0.991925,0.9955,0.9442,30,43238,0,Prevotellaceae (3); Flavobacteriaceae (2); SB-5 (1)
Propionibacteriaceae,2495,4566,117,0.995,10,76.91,2.04,46.41,0.995421,0.9983,0.9857,21,19340,0,Nocardioidaceae (4); Corynebacteriaceae (3); Rubrobacteriaceae (1)
Corynebacteriaceae,3781,6671,120,0.995,10,82.86,2.22,46.23,0.995321,0.9982,0.9882,21,44459,0,Pseudonocardiaceae (2); Streptomycetaceae (2); Micrococcaceae (1)
Actinomycetaceae,967,6253,120,0.995,10,69.39,2.79,32.99,0.995902,0.998,0.9833,2,70875,0,Microbacteriaceae (3); Propionibacteriaceae (2); Micrococcaceae (2)
Bifidobacteriaceae,773,4716,120,0.999,10,86.68,2.07,67.14,0.999021,0.9998,1.0,0,39765,0,Micrococcaceae (1); Flavobacteriaceae (1); Pirellulaceae (1)
Micrococcaceae,3153,4917,97,0.995,10,66.7,2.63,33.3,0.995358,0.9971,0.9453,31,68002,0,Streptomycetaceae (3); Mycobacteriaceae (2); Microbacteriaceae (1)
Fusobacteriaceae,1348,5620,120,0.999,10,90.06,2.0,77.82,0.999747,0.9999,1.0,0,12615,0,Anaerolineaceae (2); Neisseriaceae (1); Nitrincolaceae (1)
Leptotrichiaceae,490,8145,120,0.999,10,82.45,4.29,55.92,1.0,1.0,1.0,0,11708,0,Fusobacteriaceae (6); Bryobacteraceae (1); Synergistaceae (1)
Campylobacteraceae,1035,5750,120,0.999,10,90.92,2.32,68.31,0.999337,0.9999,1.0,0,7606,0,Sulfurovaceae (2); Bacteroidaceae (1); Acholeplasmataceae (1)
Helicobacteraceae,686,5151,120,0.999,10,85.71,2.04,54.66,0.999928,1.0,1.0,0,7047,0,Sulfurovaceae (2); Chlamydiaceae (1); Campylobacteraceae (1)
